<?xml version="1.0" encoding="UTF-8"?>
 
<module xmlns="urn:jboss:module:1.0" name="de.akquinet.jbosscc.jbpm">
    <resources>
	<resource-root path="antlr-3.3.jar" />
	<resource-root path="antlr-runtime-3.3.jar" />
	<resource-root path="drools-compiler-5.2.0.Final.jar" />
	<resource-root path="drools-core-5.2.0.Final.jar" />
	<resource-root path="drools-persistence-jpa-5.2.0.Final.jar" />
	<resource-root path="ecj-3.5.1.jar" />
	<resource-root path="jbpm-bpmn2-5.1.0.Final.jar" />
	<resource-root path="jbpm-flow-5.1.0.Final.jar" />
	<resource-root path="jbpm-flow-builder-5.1.0.Final.jar" />
	<resource-root path="jbpm-human-task-noPersistenceXml-5.1.0.Final.jar" />
	<resource-root path="jbpm-persistence-jpa2-5.1.0.Final.jar" />
	<resource-root path="jbpm-workitems-5.1.0.Final.jar" />
	<resource-root path="knowledge-api-5.2.0.Final.jar" />
	<resource-root path="mvel2-2.1.0.drools2.jar" />
	<resource-root path="stringtemplate-3.2.1.jar" />
    </resources>

  <dependencies>
    <module name="javax.persistence.api" />
    <module name="javax.transaction.api" />
    <module name="org.hibernate" />
    <module name="org.antlr" />
    <module name="org.javassist" />
    <module name="javax.persistence.api" />
    <module name="javaee.api" />
    <module name="org.jboss.as.jpa" />
  </dependencies>
</module>
